{
    "test": {
        "rho": 0.5607912247683692,
        "tau": 0.4101137481827696,
        "rmse": 0.6879477044106517
    },
    "all": {
        "on": {
            "rho": -0.6569337505725644,
            "tau": -0.4748252909250694,
            "rmse": 4589.072669224312
        },
        "off": {
            "rho": -0.36271493212669675,
            "tau": -0.2564705882352942,
            "rmse": 27369.23992711113
        }
    },
    "lib": {
        "on": {
            "rho": -0.7341836255854644,
            "tau": -0.5391896815101604,
            "rmse": 4887.978585065107
        },
        "off": {
            "rho": -0.3849999999999999,
            "tau": -0.2704081632653061,
            "rmse": 26377.956287056026
        }
    }
}