{
    "test": {
        "rho": 0.5871680961256185,
        "tau": 0.43197307575517824,
        "rmse": 0.6857549619678113
    },
    "all": {
        "on": {
            "rho": -0.6161469852764844,
            "tau": -0.43426584044840666,
            "rmse": 4589.046313337743
        },
        "off": {
            "rho": -0.3619909502262443,
            "tau": -0.2501960784313726,
            "rmse": 27369.161691256617
        }
    },
    "lib": {
        "on": {
            "rho": -0.6570503121019232,
            "tau": -0.46891934707775856,
            "rmse": 4887.932464378829
        },
        "off": {
            "rho": -0.38479591836734695,
            "tau": -0.2636054421768707,
            "rmse": 26377.882299682624
        }
    }
}